{
  "component_metrics": {
    "memory_adjustment": {
      "avg_abs_adjustment": 0.0003683200753444389,
      "avg_aligned_adjustment": 0.0003141326550888584,
      "edge": 0.00015949667314559498,
      "hit_rate": 0.4268292682926829,
      "learned_scale": 0.949,
      "samples": 82.0
    },
    "screener_adjustment": {
      "avg_abs_adjustment": 0.00039199999999999993,
      "avg_aligned_adjustment": 0.00030488888888888883,
      "edge": -0.01302103766463335,
      "hit_rate": 0.2222222222222222,
      "learned_scale": 0.887,
      "samples": 9.0
    },
    "snapshot_adjustment": {
      "avg_abs_adjustment": 0.00046425744691227724,
      "avg_aligned_adjustment": 0.00037368944198323383,
      "edge": 0.0001223467016593796,
      "hit_rate": 0.3627450980392157,
      "learned_scale": 0.896,
      "samples": 102.0
    },
    "technical_adjustment": {
      "avg_abs_adjustment": 0.0016379455445544558,
      "avg_aligned_adjustment": 0.0011127475247524755,
      "edge": 0.001509347834868819,
      "hit_rate": 0.44554455445544555,
      "learned_scale": 1.032,
      "samples": 101.0
    }
  },
  "component_scales": {
    "llm_adjustment": 1.0,
    "memory_adjustment": 0.949,
    "news_adjustment": 1.0,
    "screener_adjustment": 0.887,
    "snapshot_adjustment": 0.896,
    "technical_adjustment": 1.032
  },
  "generated_at": "2026-05-05T02:13:20.643747+00:00",
  "summary": "Evaluated 0 mature decisions this run; recent hit rate 45.1%, average signed return -0.08%.",
  "weights": {
    "llm_weight": 0.8,
    "memory_weight": 0.8,
    "news_weight": 0.9,
    "screener_weight": 0.25,
    "snapshot_weight": 2.0,
    "technical_weight": 2.0
  }
}