{
  "component_metrics": {
    "screener_adjustment": {
      "edge": 0.0221246731825393,
      "hit_rate": 1.0,
      "samples": 2.0
    },
    "snapshot_adjustment": {
      "edge": 0.0067188424800631195,
      "hit_rate": 0.5882352941176471,
      "samples": 34.0
    },
    "technical_adjustment": {
      "edge": 0.0032716051561434097,
      "hit_rate": 0.5588235294117647,
      "samples": 34.0
    }
  },
  "generated_at": "2026-04-27T22:07:19.619644+00:00",
  "summary": "Evaluated 0 mature decisions this run; recent hit rate 55.9%, average signed return 0.54%.",
  "weights": {
    "llm_weight": 0.8,
    "memory_weight": 0.8,
    "news_weight": 0.9,
    "screener_weight": 0.7,
    "snapshot_weight": 2.0,
    "technical_weight": 2.0
  }
}