{
  "component_metrics": {
    "memory_adjustment": {
      "edge": 0.00041794005815453463,
      "hit_rate": 0.3448275862068966,
      "samples": 29.0
    },
    "screener_adjustment": {
      "edge": -0.0030619797251515055,
      "hit_rate": 0.3333333333333333,
      "samples": 6.0
    },
    "snapshot_adjustment": {
      "edge": 0.0048469856510913074,
      "hit_rate": 0.5079365079365079,
      "samples": 63.0
    },
    "technical_adjustment": {
      "edge": 0.00029755937914049165,
      "hit_rate": 0.36507936507936506,
      "samples": 63.0
    }
  },
  "generated_at": "2026-04-28T22:11:37.431075+00:00",
  "summary": "Evaluated 0 mature decisions this run; recent hit rate 50.8%, average signed return 0.45%.",
  "weights": {
    "llm_weight": 0.8,
    "memory_weight": 0.8,
    "news_weight": 0.9,
    "screener_weight": 0.7,
    "snapshot_weight": 2.0,
    "technical_weight": 2.0
  }
}