{
  "component_metrics": {
    "memory_adjustment": {
      "edge": -0.000837847076483825,
      "hit_rate": 0.32432432432432434,
      "samples": 37.0
    },
    "screener_adjustment": {
      "edge": -0.0030619797251515055,
      "hit_rate": 0.3333333333333333,
      "samples": 6.0
    },
    "snapshot_adjustment": {
      "edge": 0.003756901999120691,
      "hit_rate": 0.49295774647887325,
      "samples": 71.0
    },
    "technical_adjustment": {
      "edge": 0.0001804103127165031,
      "hit_rate": 0.38028169014084506,
      "samples": 71.0
    }
  },
  "generated_at": "2026-04-29T18:44:45.758661+00:00",
  "summary": "Evaluated 0 mature decisions this run; recent hit rate 52.1%, average signed return 0.40%.",
  "weights": {
    "llm_weight": 0.8,
    "memory_weight": 0.8,
    "news_weight": 0.9,
    "screener_weight": 0.7,
    "snapshot_weight": 2.0,
    "technical_weight": 2.0
  }
}