{
  "component_metrics": {
    "memory_adjustment": {
      "avg_abs_adjustment": 0.00037992907101265207,
      "avg_aligned_adjustment": 0.0002920208098333913,
      "edge": 0.0007430419376950354,
      "hit_rate": 0.453781512605042,
      "learned_scale": 1.0,
      "samples": 119.0
    },
    "screener_adjustment": {
      "avg_abs_adjustment": 0.000325984,
      "avg_aligned_adjustment": 0.000170016,
      "edge": -0.0071272523642200636,
      "hit_rate": 0.5,
      "learned_scale": 0.895,
      "samples": 14.0
    },
    "snapshot_adjustment": {
      "avg_abs_adjustment": 0.00047974432313068843,
      "avg_aligned_adjustment": 0.00038367669939294363,
      "edge": -0.00014437862389655168,
      "hit_rate": 0.3875968992248062,
      "learned_scale": 0.903,
      "samples": 129.0
    },
    "technical_adjustment": {
      "avg_abs_adjustment": 0.0018268968750000006,
      "avg_aligned_adjustment": 0.0014057796875,
      "edge": 0.0018532167849543719,
      "hit_rate": 0.5078125,
      "learned_scale": 1.099,
      "samples": 128.0
    }
  },
  "component_scales": {
    "llm_adjustment": 1.0,
    "memory_adjustment": 1.0,
    "news_adjustment": 1.0,
    "screener_adjustment": 0.895,
    "snapshot_adjustment": 0.903,
    "technical_adjustment": 1.099
  },
  "generated_at": "2026-05-05T20:19:52.399317+00:00",
  "summary": "Evaluated 0 mature decisions this run; recent hit rate 52.7%, average signed return 0.06%.",
  "weights": {
    "llm_weight": 0.8,
    "memory_weight": 0.8,
    "news_weight": 0.9,
    "screener_weight": 0.25,
    "snapshot_weight": 2.0,
    "technical_weight": 2.0
  }
}