{
  "component_metrics": {
    "memory_adjustment": {
      "avg_abs_adjustment": 0.00037992907101265207,
      "avg_aligned_adjustment": 0.0002920208098333913,
      "edge": 0.0007430419376950354,
      "hit_rate": 0.453781512605042,
      "learned_scale": 1.0,
      "samples": 119.0
    },
    "screener_adjustment": {
      "avg_abs_adjustment": 0.000325984,
      "avg_aligned_adjustment": 0.000170016,
      "edge": -0.0071272523642200636,
      "hit_rate": 0.5,
      "learned_scale": 0.895,
      "samples": 14.0
    },
    "snapshot_adjustment": {
      "avg_abs_adjustment": 0.00046526771215398927,
      "avg_aligned_adjustment": 0.0003734697605823665,
      "edge": 7.006001711028785e-05,
      "hit_rate": 0.4,
      "learned_scale": 0.924,
      "samples": 135.0
    },
    "technical_adjustment": {
      "avg_abs_adjustment": 0.0017863268656716426,
      "avg_aligned_adjustment": 0.001384065671641791,
      "edge": 0.00197981114378137,
      "hit_rate": 0.5149253731343284,
      "learned_scale": 1.111,
      "samples": 134.0
    }
  },
  "component_scales": {
    "llm_adjustment": 1.0,
    "memory_adjustment": 1.0,
    "news_adjustment": 1.0,
    "screener_adjustment": 0.895,
    "snapshot_adjustment": 0.924,
    "technical_adjustment": 1.111
  },
  "generated_at": "2026-05-05T13:59:53.451650+00:00",
  "summary": "Evaluated 0 mature decisions this run; recent hit rate 53.3%, average signed return 0.08%.",
  "weights": {
    "llm_weight": 0.8,
    "memory_weight": 0.8,
    "news_weight": 0.9,
    "screener_weight": 0.25,
    "snapshot_weight": 2.0,
    "technical_weight": 2.0
  }
}