{
  "component_metrics": {
    "memory_adjustment": {
      "avg_abs_adjustment": 0.0003711120048221137,
      "avg_aligned_adjustment": 0.0003164055932061635,
      "edge": 0.00011395013127760634,
      "hit_rate": 0.4264705882352941,
      "learned_scale": 0.947,
      "samples": 68.0
    },
    "screener_adjustment": {
      "avg_abs_adjustment": 0.00039199999999999993,
      "avg_aligned_adjustment": 0.00030488888888888883,
      "edge": -0.009869142345417914,
      "hit_rate": 0.2222222222222222,
      "learned_scale": 0.887,
      "samples": 9.0
    },
    "snapshot_adjustment": {
      "avg_abs_adjustment": 0.00032468126340994913,
      "avg_aligned_adjustment": 0.00023899295334557972,
      "edge": 0.0030258476727452657,
      "hit_rate": 0.45098039215686275,
      "learned_scale": 1.112,
      "samples": 102.0
    },
    "technical_adjustment": {
      "avg_abs_adjustment": 0.0014099752475247515,
      "avg_aligned_adjustment": 0.0008352722772277232,
      "edge": 0.0019357933429726517,
      "hit_rate": 0.45544554455445546,
      "learned_scale": 1.061,
      "samples": 101.0
    }
  },
  "component_scales": {
    "llm_adjustment": 1.0,
    "memory_adjustment": 0.947,
    "news_adjustment": 1.0,
    "screener_adjustment": 0.887,
    "snapshot_adjustment": 1.112,
    "technical_adjustment": 1.061
  },
  "generated_at": "2026-05-03T02:22:10.069947+00:00",
  "summary": "Evaluated 0 mature decisions this run; recent hit rate 51.0%, average signed return 0.16%.",
  "weights": {
    "llm_weight": 0.8,
    "memory_weight": 0.8,
    "news_weight": 0.9,
    "screener_weight": 0.25,
    "snapshot_weight": 2.0,
    "technical_weight": 2.0
  }
}